model_key,layer,roc_auc,n_samples,positive_rate
base,0,0.4714285714285714,500,0.648
base,7,0.618021978021978,500,0.648
base,14,0.7371428571428571,500,0.648
base,21,0.7274725274725276,500,0.648
base,28,0.6483516483516484,500,0.648
distilled,0,0.4714285714285714,500,0.648
distilled,7,0.6074725274725274,500,0.648
distilled,14,0.7301098901098901,500,0.648
distilled,21,0.7028571428571428,500,0.648
distilled,28,0.7485714285714286,500,0.648
