threshold,accuracy,mean_tokens_saved_pct,median_tokens_saved_pct,num_early_exits,num_problems,label
1.0,0.64,0.0,0.0,0,100,no_exit
0.3,0.03,63.928841835418396,69.89640085024959,97,100,τ=0.3
0.4,0.03,60.87791436005025,66.40835289125793,96,100,τ=0.4
0.5,0.06,55.429262588067715,61.476770555091555,95,100,τ=0.5
0.6,0.07,49.91219615318561,55.57709306565035,91,100,τ=0.6
0.7,0.1,43.28160618882205,44.94902984339604,87,100,τ=0.7
0.8,0.2,34.68794332487096,34.41727097055707,77,100,τ=0.8
0.9,0.32,21.359936845285354,10.804748396939285,55,100,τ=0.9
0.95,0.47,10.90069590862345,0.0,33,100,τ=0.95
