{
  "layer": 17,
  "C": 0.1,
  "cross_model_jaccard": 0.1535181236673774,
  "within_model": {
    "base": {
      "pairwise_jaccards": [
        0.3770949720670391,
        0.3791208791208791,
        0.403954802259887,
        0.46,
        0.4099722991689751,
        0.4142857142857143,
        0.4180790960451977,
        0.396011396011396,
        0.40634005763688763,
        0.40443213296398894,
        0.3983286908077994,
        0.40217391304347827,
        0.4519774011299435,
        0.42857142857142855,
        0.4005524861878453,
        0.39436619718309857,
        0.4005681818181818,
        0.4,
        0.4423076923076923,
        0.44077134986225897,
        0.38315217391304346,
        0.44537815126050423,
        0.403899721448468,
        0.33866666666666667,
        0.42857142857142855,
        0.41530054644808745,
        0.42776203966005666,
        0.4233983286908078,
        0.40168539325842695,
        0.39215686274509803,
        0.43783783783783786,
        0.4715909090909091,
        0.4462809917355372,
        0.4132231404958678,
        0.4273743016759777,
        0.4576271186440678,
        0.48158640226628896,
        0.45584045584045585,
        0.45014245014245013,
        0.4460227272727273,
        0.4322766570605187,
        0.438953488372093,
        0.4608695652173913,
        0.42613636363636365,
        0.42028985507246375
      ],
      "mean": 0.4212207170554495,
      "std": 0.0280043664496167,
      "min": 0.33866666666666667,
      "max": 0.48158640226628896,
      "n_splits": 10,
      "avg_nonzero_per_split": 253.5
    },
    "distilled": {
      "pairwise_jaccards": [
        0.38498789346246975,
        0.39172749391727496,
        0.41586538461538464,
        0.41404358353510895,
        0.3935643564356436,
        0.3737864077669903,
        0.4004914004914005,
        0.40601503759398494,
        0.3708133971291866,
        0.43,
        0.39243498817966904,
        0.4072289156626506,
        0.4398976982097187,
        0.4044665012406948,
        0.4321608040201005,
        0.42748091603053434,
        0.428927680798005,
        0.4261501210653753,
        0.4174757281553398,
        0.3935643564356436,
        0.4221105527638191,
        0.4467005076142132,
        0.42025316455696204,
        0.39416058394160586,
        0.44471153846153844,
        0.37115839243498816,
        0.3914081145584726,
        0.4387254901960784,
        0.39951573849878935,
        0.40476190476190477,
        0.4058679706601467,
        0.4595959595959596,
        0.4264705882352941,
        0.3975609756097561,
        0.36682242990654207,
        0.4173027989821883,
        0.468586387434555,
        0.45646437994722955,
        0.39950372208436724,
        0.41708542713567837,
        0.4230769230769231,
        0.3829268292682927,
        0.4223918575063613,
        0.43467336683417085,
        0.40852130325814534
      ],
      "mean": 0.4126986571570924,
      "std": 0.023758234389213994,
      "min": 0.36682242990654207,
      "max": 0.468586387434555,
      "n_splits": 10,
      "avg_nonzero_per_split": 286.2
    }
  }
}