{
  "layer": 25,
  "C": 0.1,
  "cross_model_jaccard": 0.03305785123966942,
  "within_model": {
    "base": {
      "pairwise_jaccards": [
        0.3333333333333333,
        0.3181818181818182,
        0.3918918918918919,
        0.3493975903614458,
        0.345679012345679,
        0.35802469135802467,
        0.35802469135802467,
        0.29591836734693877,
        0.3493975903614458,
        0.3333333333333333,
        0.3561643835616438,
        0.35,
        0.3291139240506329,
        0.325,
        0.30864197530864196,
        0.30851063829787234,
        0.21348314606741572,
        0.3375,
        0.36470588235294116,
        0.34523809523809523,
        0.35714285714285715,
        0.3902439024390244,
        0.42391304347826086,
        0.3181818181818182,
        0.410958904109589,
        0.3157894736842105,
        0.3466666666666667,
        0.32894736842105265,
        0.22916666666666666,
        0.2875,
        0.32926829268292684,
        0.30952380952380953,
        0.34146341463414637,
        0.2828282828282828,
        0.25842696629213485,
        0.3375,
        0.32098765432098764,
        0.3191489361702128,
        0.2976190476190476,
        0.38461538461538464,
        0.3020833333333333,
        0.375,
        0.32978723404255317,
        0.29411764705882354,
        0.30927835051546393
      ],
      "mean": 0.33048220931503186,
      "std": 0.04051099367972011,
      "min": 0.21348314606741572,
      "max": 0.42391304347826086,
      "n_splits": 10,
      "avg_nonzero_per_split": 55.9
    },
    "distilled": {
      "pairwise_jaccards": [
        0.3269230769230769,
        0.32038834951456313,
        0.3431372549019608,
        0.27358490566037735,
        0.3523809523809524,
        0.38461538461538464,
        0.41836734693877553,
        0.2982456140350877,
        0.3153153153153153,
        0.30612244897959184,
        0.2647058823529412,
        0.29591836734693877,
        0.32673267326732675,
        0.3465346534653465,
        0.3645833333333333,
        0.28440366972477066,
        0.3018867924528302,
        0.30927835051546393,
        0.32978723404255317,
        0.3469387755102041,
        0.30097087378640774,
        0.3870967741935484,
        0.33980582524271846,
        0.3333333333333333,
        0.3125,
        0.33,
        0.33663366336633666,
        0.3541666666666667,
        0.28703703703703703,
        0.29245283018867924,
        0.297029702970297,
        0.27884615384615385,
        0.28,
        0.2803738317757009,
        0.2857142857142857,
        0.3333333333333333,
        0.33663366336633666,
        0.2743362831858407,
        0.30275229357798167,
        0.29245283018867924,
        0.25862068965517243,
        0.34579439252336447,
        0.3177570093457944,
        0.3238095238095238,
        0.3333333333333333
      ],
      "mean": 0.3183252158159404,
      "std": 0.03359170786974664,
      "min": 0.25862068965517243,
      "max": 0.41836734693877553,
      "n_splits": 10,
      "avg_nonzero_per_split": 68.1
    }
  }
}