layer,observed_gap,p_value,significant_at_05
0,0.0,0.525,False
7,0.008880591806825211,0.339,False
14,-0.029712471212226976,0.897,False
21,-0.014411333659013259,0.719,False
28,0.009526135808500258,0.346,False
