layer,observed_gap,p_value,significant_at_05
0,0.0,0.916,False
7,0.0698784722222221,0.062,False
14,0.02560763888888906,0.277,False
21,0.06684027777777779,0.068,False
28,0.04947916666666663,0.167,False
