model,layer,C,roc_auc,num_nonzero
base,17,0.001,0.5,0
base,17,0.01,0.825563542466327,26
base,17,0.1,0.8541768441621885,256
base,17,1.0,0.8209226045083396,830
base,17,10.0,0.8056127433875357,1399
distilled,17,0.001,0.5,0
distilled,17,0.01,0.814833554330379,33
distilled,17,0.1,0.8425396049968596,285
distilled,17,1.0,0.8007449926722032,793
distilled,17,10.0,0.7907565077814223,1419
